{
	"1" : [
		{
			"x" : 3.05,
			"y" : -2.59,
			"yaw" : 0
		},
		{
			"x" : 4.00,
			"y" : -5.511670,
			"yaw" : -1.5
		}
	],
	"2" : [
		{
			"x" : -3.107250,
			"y" : -4.640450,
			"yaw" : 3.2
		}
	],
	"3" : [
		{
			"x" : 3.618630,
			"y" : 1.221470,
			"yaw" : 0
		}
	],
	"4" : [
		{
			"x" : -1.215750,
			"y" : 2.273790,
			"yaw" : 0
		}
	]
}